name,id,year,runtime,certificate,poster_link,metascore,director,stars,gross,genres,imdb_rating
Toy Story,tt0114709,1995,81 min,Livre,"https://m.media-amazon.com/images/M/MV5BMDU2ZWJlMjktMTRhMy00ZTA5LWEzNDgtYmNmZTEwZTViZWJkXkEyXkFqcGdeQXVyNDQ2OTk4MzI@._V1_UY209_CR0,0,140,209_AL_.jpg",96,[],"['John Lasseter', 'Tom Hanks', 'Tim Allen', 'Don Rickles', 'Jim Varney']",,[],8.3
Toy Story 2,tt0120363,1999,92 min,Livre,"https://m.media-amazon.com/images/M/MV5BMWM5ZDcxMTYtNTEyNS00MDRkLWI3YTItNThmMGExMWY4NDIwXkEyXkFqcGdeQXVyNjUwNzk3NDc@._V1_UY209_CR1,0,140,209_AL_.jpg",88,[],"['John Lasseter', 'Ash Brannon', 'Lee Unkrich', 'Tom Hanks', 'Tim Allen', 'Joan Cusack', 'Kelsey Grammer']",,[],7.9
Up: Altas Aventuras,tt1049413,2009,96 min,Livre,"https://m.media-amazon.com/images/M/MV5BYjBkM2RjMzItM2M3Ni00N2NjLWE3NzMtMGY4MzE4MDAzMTRiXkEyXkFqcGdeQXVyNDUzOTQ5MjY@._V1_UY209_CR0,0,140,209_AL_.jpg",88,[],"['Pete Docter', 'Bob Peterson', 'Edward Asner', 'Jordan Nagai', 'John Ratzenberger', 'Christopher Plummer']",,[],8.3
"Mogli, o Menino Lobo",tt0061852,1967,78 min,Livre,"https://m.media-amazon.com/images/M/MV5BMjAwMTExODExNl5BMl5BanBnXkFtZTgwMjM2MDgyMTE@._V1_UY209_CR1,0,140,209_AL_.jpg",65,[],"['Wolfgang Reitherman', 'Phil Harris', 'Sebastian Cabot', 'Louis Prima', 'Bruce Reitherman']",,[],7.6
Toy Story 3,tt0435761,2010,103 min,Livre,"https://m.media-amazon.com/images/M/MV5BMTgxOTY4Mjc0MF5BMl5BanBnXkFtZTcwNTA4MDQyMw@@._V1_UY209_CR4,0,140,209_AL_.jpg",92,[],"['Lee Unkrich', 'Tom Hanks', 'Tim Allen', 'Joan Cusack', 'Ned Beatty']",,[],8.3
Valsa com Bashir,tt1185616,2008,90 min,16,"https://m.media-amazon.com/images/M/MV5BNjM2OTI3NzQyNl5BMl5BanBnXkFtZTcwNjkzNzQ5MQ@@._V1_UY209_CR0,0,140,209_AL_.jpg",91,[],"['Ari Folman', 'Ari Folman', 'Ron Ben-Yishai', 'Ronny Dayag', 'Ori Sivan']",,[],8
"South Park: Maior, Melhor e Sem Cortes",tt0158983,1999,81 min,14,"https://m.media-amazon.com/images/M/MV5BOGE0ZWI0YzAtY2NkZi00YjkyLWIzYWEtNTJmMzJjODllNjdjXkEyXkFqcGdeQXVyMTQxNzMzNDI@._V1_UX140_CR0,0,140,209_AL_.jpg",73,[],"['Trey Parker', 'Trey Parker', 'Matt Stone', 'Mary Kay Bergman', 'Isaac Hayes']",,[],7.7
Procurando Nemo,tt0266543,2003,100 min,Livre,"https://m.media-amazon.com/images/M/MV5BZjMxYzBiNjUtZDliNC00MDAyLTg3N2QtOWNjNmNhZGQzNDg5XkEyXkFqcGdeQXVyNjE2MjQwNjc@._V1_UY209_CR1,0,140,209_AL_.jpg",90,[],"['Andrew Stanton', 'Lee Unkrich', 'Albert Brooks', 'Ellen DeGeneres', 'Alexander Gould', 'Willem Dafoe']",,[],8.2
O Fantástico Sr. Raposo,tt0432283,2009,87 min,10,"https://m.media-amazon.com/images/M/MV5BOGUwYTU4NGEtNDM4MS00NDRjLTkwNmQtOTkwMWMyMjhmMjdlXkEyXkFqcGdeQXVyMTMxODk2OTU@._V1_UY209_CR0,0,140,209_AL_.jpg",83,[],"['Wes Anderson', 'George Clooney', 'Meryl Streep', 'Bill Murray', 'Jason Schwartzman']",,[],7.9
WALL·E,tt0910970,2008,98 min,Livre,"https://m.media-amazon.com/images/M/MV5BMjExMTg5OTU0NF5BMl5BanBnXkFtZTcwMjMxMzMzMw@@._V1_UY209_CR0,0,140,209_AL_.jpg",95,[],"['Andrew Stanton', 'Ben Burtt', 'Elissa Knight', 'Jeff Garlin', 'Fred Willard']",,[],8.4
Uma Aventura Lego,tt1490017,2014,100 min,Livre,"https://m.media-amazon.com/images/M/MV5BMTg4MDk1ODExN15BMl5BanBnXkFtZTgwNzIyNjg3MDE@._V1_UY209_CR0,0,140,209_AL_.jpg",83,[],"['Phil Lord', 'Christopher Miller', 'Chris Pratt', 'Will Ferrell', 'Elizabeth Banks', 'Will Arnett']",,[],7.7
Rango,tt1192628,2011,107 min,10,"https://m.media-amazon.com/images/M/MV5BMTc4NjEyODE1OV5BMl5BanBnXkFtZTcwMjYzNTkxNA@@._V1_UY209_CR0,0,140,209_AL_.jpg",75,[],"['Gore Verbinski', 'Johnny Depp', 'Isla Fisher', 'Timothy Olyphant', 'Abigail Breslin']",,[],7.2
Viva: A Vida é uma Festa,tt2380307,I) (2017,105 min,Livre,"https://m.media-amazon.com/images/M/MV5BYjQ5NjM0Y2YtNjZkNC00ZDhkLWJjMWItN2QyNzFkMDE3ZjAxXkEyXkFqcGdeQXVyODIxMzk5NjA@._V1_UY209_CR3,0,140,209_AL_.jpg",81,[],"['Lee Unkrich', 'Adrian Molina', 'Anthony Gonzalez', 'Gael García Bernal', 'Benjamin Bratt', 'Alanna Ubach']",,[],8.4
Os Incríveis,tt0317705,2004,115 min,Livre,"https://m.media-amazon.com/images/M/MV5BMTY5OTU0OTc2NV5BMl5BanBnXkFtZTcwMzU4MDcyMQ@@._V1_UY209_CR0,0,140,209_AL_.jpg",90,[],"['Brad Bird', 'Craig T. Nelson', 'Samuel L. Jackson', 'Holly Hunter', 'Jason Lee']",,[],8
Monstros S.A.,tt0198781,2001,92 min,Livre,"https://m.media-amazon.com/images/M/MV5BMTY1NTI0ODUyOF5BMl5BanBnXkFtZTgwNTEyNjQ0MDE@._V1_UY209_CR0,0,140,209_AL_.jpg",79,[],"['Pete Docter', 'David Silverman', 'Lee Unkrich', 'Billy Crystal', 'John Goodman', 'Mary Gibbs', 'Steve Buscemi']",,[],8.1
Mary e Max: Uma Amizade Diferente,tt0978762,2009,92 min,12,"https://m.media-amazon.com/images/M/MV5BMDgzYjQwMDMtNGUzYi00MTRmLWIyMGMtNjE1OGZkNzY2YWIzL2ltYWdlXkEyXkFqcGdeQXVyNjU0OTQ0OTY@._V1_UY209_CR3,0,140,209_AL_.jpg",,[],"['Adam Elliot', 'Toni Collette', 'Philip Seymour Hoffman', 'Eric Bana', 'Barry Humphries']",,[],8.1
Vida de Inseto,tt0120623,1998,95 min,Livre,"https://m.media-amazon.com/images/M/MV5BNThmZGY4NzgtMTM4OC00NzNkLWEwNmEtMjdhMGY5YTc1NDE4XkEyXkFqcGdeQXVyMTQxNzMzNDI@._V1_UX140_CR0,0,140,209_AL_.jpg",77,[],"['John Lasseter', 'Andrew Stanton', 'Kevin Spacey', 'David Foley', 'Julia Louis-Dreyfus', 'Hayden Panettiere']",,[],7.2
Como Treinar o Seu Dragão,tt0892769,2010,98 min,Livre,"https://m.media-amazon.com/images/M/MV5BMjA5NDQyMjc2NF5BMl5BanBnXkFtZTcwMjg5ODcyMw@@._V1_UY209_CR0,0,140,209_AL_.jpg",75,[],"['Dean DeBlois', 'Chris Sanders', 'Jay Baruchel', 'Gerard Butler', 'Christopher Mintz-Plasse', 'Craig Ferguson']",,[],8.1
Pinóquio,tt0032910,1940,88 min,Livre,"https://m.media-amazon.com/images/M/MV5BMTU4Mzk3ODIyOF5BMl5BanBnXkFtZTgwODgyNzk2NjE@._V1_UX140_CR0,0,140,209_AL_.jpg",99,[],"['Norman Ferguson', 'T. Hee', 'Wilfred Jackson', 'Jack Kinney', 'Hamilton Luske', 'Bill Roberts', 'Ben Sharpsteen', 'Dickie Jones', 'Christian Rub', 'Mel Blanc', 'Billy Bletcher']",,[],7.5
A Bela e a Fera,tt0101414,1991,84 min,Livre,"https://m.media-amazon.com/images/M/MV5BMzE5MDM1NDktY2I0OC00YWI5LTk2NzUtYjczNDczOWQxYjM0XkEyXkFqcGdeQXVyMTQxNzMzNDI@._V1_UY209_CR0,0,140,209_AL_.jpg",95,[],"['Gary Trousdale', 'Kirk Wise', ""Paige O'Hara"", 'Robby Benson', 'Jesse Corti', 'Rex Everhart']",,[],8
A Canção do Mar,tt1865505,2014,93 min,Livre,"https://m.media-amazon.com/images/M/MV5BMTQ2MDMwNjEwNV5BMl5BanBnXkFtZTgwOTkxMzI0MzE@._V1_UY209_CR2,0,140,209_AL_.jpg",85,[],"['Tomm Moore', 'David Rawle', 'Brendan Gleeson', 'Lisa Hannigan', 'Fionnula Flanagan']",,[],8
Ratatouille,tt0382932,2007,111 min,Livre,"https://m.media-amazon.com/images/M/MV5BMTMzODU0NTkxMF5BMl5BanBnXkFtZTcwMjQ4MzMzMw@@._V1_UY209_CR0,0,140,209_AL_.jpg",96,[],"['Brad Bird', 'Jan Pinkava', 'Brad Garrett', 'Lou Romano', 'Patton Oswalt', 'Ian Holm']",,[],8.1
A Viagem de Chihiro,tt0245429,2001,125 min,Livre,"https://m.media-amazon.com/images/M/MV5BMjlmZmI5MDctNDE2YS00YWE0LWE5ZWItZDBhYWQ0NTcxNWRhXkEyXkFqcGdeQXVyMTMxODk2OTU@._V1_UY209_CR0,0,140,209_AL_.jpg",96,[],"['Hayao Miyazaki', 'Daveigh Chase', 'Suzanne Pleshette', 'Miyu Irino', 'Rumi Hiiragi']",,[],8.6
As Aventuras de Tintim,tt0983193,2011,107 min,12,"https://m.media-amazon.com/images/M/MV5BNDE5MDExNTQ1OF5BMl5BanBnXkFtZTcwMDIxMTM5Ng@@._V1_UY209_CR0,0,140,209_AL_.jpg",68,[],"['Steven Spielberg', 'Jamie Bell', 'Andy Serkis', 'Daniel Craig', 'Simon Pegg']",,[],7.3
Kubo e as Cordas Mágicas,tt4302938,2016,101 min,10,"https://m.media-amazon.com/images/M/MV5BMjA2Mzg2NDMzNl5BMl5BanBnXkFtZTgwMjcwODUzOTE@._V1_UY209_CR0,0,140,209_AL_.jpg",84,[],"['Travis Knight', 'Charlize Theron', 'Art Parkinson', 'Matthew McConaughey', 'Ralph Fiennes']",,[],7.7
Persépolis,tt0808417,2007,96 min,12,"https://m.media-amazon.com/images/M/MV5BMGRkZThmYzEtYjQxZC00OWEzLThjYjAtYzFkMjY0NGZkZWI4XkEyXkFqcGdeQXVyNTAyODkwOQ@@._V1_UY209_CR0,0,140,209_AL_.jpg",90,[],"['Vincent Paronnaud', 'Marjane Satrapi', 'Chiara Mastroianni', 'Catherine Deneuve', 'Gena Rowlands', 'Danielle Darrieux']",,[],8
O Gigante de Ferro,tt0129167,1999,86 min,Livre,"https://m.media-amazon.com/images/M/MV5BYzBjZTNkMzQtZmNkOC00Yzk0LTljMjktZjk3YWVlZjY3NTk2XkEyXkFqcGdeQXVyMTUzMDUzNTI3._V1_UY209_CR0,0,140,209_AL_.jpg",85,[],"['Brad Bird', 'Eli Marienthal', 'Harry Connick Jr.', 'Jennifer Aniston', 'Vin Diesel']",,[],8.1
Princesa Mononoke,tt0119698,1997,134 min,12,"https://m.media-amazon.com/images/M/MV5BNTZkYmI0MmEtNGFlZC00OWZjLWFjMmItMjk1OWZkOWJiZGVjXkEyXkFqcGdeQXVyMTMxODk2OTU@._V1_UX140_CR0,0,140,209_AL_.jpg",76,[],"['Hayao Miyazaki', 'Yôji Matsuda', 'Yuriko Ishida', 'Yûko Tanaka', 'Billy Crudup']",,[],8.3
Aladdin,tt0103639,1992,90 min,Livre,"https://m.media-amazon.com/images/M/MV5BZTg5ZTVmM2EtZjdhZC00MzBjLWEwZTYtNWIwZDczYzZkMzA4XkEyXkFqcGdeQXVyMTQxNzMzNDI@._V1_UX140_CR0,0,140,209_AL_.jpg",86,[],"['Ron Clements', 'John Musker', 'Scott Weinger', 'Robin Williams', 'Linda Larkin', 'Jonathan Freeman']",,[],8
Como Treinar o Seu Dragão 2,tt1646971,2014,102 min,Livre,"https://m.media-amazon.com/images/M/MV5BMzMwMTAwODczN15BMl5BanBnXkFtZTgwMDk2NDA4MTE@._V1_UY209_CR0,0,140,209_AL_.jpg",77,[],"['Dean DeBlois', 'Jay Baruchel', 'Cate Blanchett', 'Gerard Butler', 'Craig Ferguson']",,[],7.8
A Lenda de Beowulf,tt0442933,2007,115 min,14,"https://m.media-amazon.com/images/M/MV5BMTUzMjM0MTc3MF5BMl5BanBnXkFtZTcwNzU0ODMyMw@@._V1_UY209_CR0,0,140,209_AL_.jpg",59,[],"['Robert Zemeckis', 'Ray Winstone', 'Crispin Glover', 'Angelina Jolie', 'Robin Wright']",,[],6.3
O Rei Leão,tt0110357,1994,88 min,Livre,"https://m.media-amazon.com/images/M/MV5BYTYxNGMyZTYtMjE3MS00MzNjLWFjNmYtMDk3N2FmM2JiM2M1XkEyXkFqcGdeQXVyNjY5NDU4NzI@._V1_UY209_CR0,0,140,209_AL_.jpg",88,[],"['Roger Allers', 'Rob Minkoff', 'Matthew Broderick', 'Jeremy Irons', 'James Earl Jones', 'Whoopi Goldberg']",,[],8.5
Enrolados,tt0398286,2010,100 min,Livre,"https://m.media-amazon.com/images/M/MV5BMTAxNDYxMjg0MjNeQTJeQWpwZ15BbWU3MDcyNTk2OTM@._V1_UY209_CR0,0,140,209_AL_.jpg",71,[],"['Nathan Greno', 'Byron Howard', 'Mandy Moore', 'Zachary Levi', 'Donna Murphy', 'Ron Perlman']",,[],7.7
Lego Batman: O Filme,tt4116284,2017,104 min,Livre,"https://m.media-amazon.com/images/M/MV5BMTcyNTEyOTY0M15BMl5BanBnXkFtZTgwOTAyNzU3MDI@._V1_UY209_CR0,0,140,209_AL_.jpg",75,[],"['Chris McKay', 'Will Arnett', 'Michael Cera', 'Rosario Dawson', 'Ralph Fiennes']",,[],7.3
Branca de Neve e os Sete Anões,tt0029583,1937,83 min,Livre,"https://m.media-amazon.com/images/M/MV5BMTQwMzE2Mzc4M15BMl5BanBnXkFtZTcwMTE4NTc1Nw@@._V1_UX140_CR0,0,140,209_AL_.jpg",96,[],"['William Cottrell', 'David Hand', 'Wilfred Jackson', 'Larry Morey', 'Perce Pearce', 'Ben Sharpsteen', 'Adriana Caselotti', 'Harry Stockwell', 'Lucille La Verne', 'Roy Atwell']",,[],7.6
Soul,tt2948372,2020,100 min,Livre,"https://m.media-amazon.com/images/M/MV5BZGE1MDg5M2MtNTkyZS00MTY5LTg1YzUtZTlhZmM1Y2EwNmFmXkEyXkFqcGdeQXVyNjA3OTI0MDc@._V1_UY209_CR0,0,140,209_AL_.jpg",83,[],"['Pete Docter', 'Kemp Powers', 'Jamie Foxx', 'Tina Fey', 'Graham Norton', 'Rachel House']",,[],8
Wolfwalkers,tt5198068,2020,103 min,10,"https://m.media-amazon.com/images/M/MV5BNTA4MWQ4NGUtOGQ0MS00M2QyLWE5MDItZWM2YzA0ZDgxZTA2XkEyXkFqcGdeQXVyNjY1MTg4Mzc@._V1_UX140_CR0,0,140,209_AL_.jpg",87,[],"['Tomm Moore', 'Ross Stewart', 'Honor Kneafsey', 'Eva Whittaker', 'Sean Bean', 'Simon McBurney']",,[],8
Shrek 2,tt0298148,2004,93 min,Livre,"https://m.media-amazon.com/images/M/MV5BMDJhMGRjN2QtNDUxYy00NGM3LThjNGQtMmZiZTRhNjM4YzUxL2ltYWdlL2ltYWdlXkEyXkFqcGdeQXVyMTQxNzMzNDI@._V1_UY209_CR0,0,140,209_AL_.jpg",75,[],"['Andrew Adamson', 'Kelly Asbury', 'Conrad Vernon', 'Mike Myers', 'Eddie Murphy', 'Cameron Diaz', 'Julie Andrews']",,[],7.3
Meu Malvado Favorito,tt1323594,2010,95 min,Livre,"https://m.media-amazon.com/images/M/MV5BMTY3NjY0MTQ0Nl5BMl5BanBnXkFtZTcwMzQ2MTc0Mw@@._V1_UY209_CR0,0,140,209_AL_.jpg",72,[],"['Pierre Coffin', 'Chris Renaud', 'Steve Carell', 'Jason Segel', 'Russell Brand', 'Julie Andrews']",,[],7.6
Zootopia,tt2948356,2016,108 min,Livre,"https://m.media-amazon.com/images/M/MV5BOTMyMjEyNzIzMV5BMl5BanBnXkFtZTgwNzIyNjU0NzE@._V1_UY209_CR0,0,140,209_AL_.jpg",78,[],"['Byron Howard', 'Rich Moore', 'Jared Bush', 'Ginnifer Goodwin', 'Jason Bateman', 'Idris Elba', 'Jenny Slate']",,[],8
Toy Story 4,tt1979376,2019,100 min,Livre,"https://m.media-amazon.com/images/M/MV5BMTYzMDM4NzkxOV5BMl5BanBnXkFtZTgwNzM1Mzg2NzM@._V1_UY209_CR0,0,140,209_AL_.jpg",84,[],"['Josh Cooley', 'Tom Hanks', 'Tim Allen', 'Annie Potts', 'Tony Hale']",,[],7.7
Ponyo: Uma Amizade que Veio do Mar,tt0876563,2008,101 min,Livre,"https://m.media-amazon.com/images/M/MV5BOTc3YmM3N2QtODZkMC00ZDE5LThjMTQtYTljN2Y1YTYwYWJkXkEyXkFqcGdeQXVyODEzNjM5OTQ@._V1_UY209_CR0,0,140,209_AL_.jpg",86,[],"['Hayao Miyazaki', 'Cate Blanchett', 'Matt Damon', 'Liam Neeson', 'Tomoko Yamaguchi']",,[],7.6
Piratas Pirados!,tt1430626,2012,88 min,Livre,"https://m.media-amazon.com/images/M/MV5BNDhkOGZkZWMtNGI4Mi00ZWI3LTgyYTgtMDU4ZDI3NTNjMWFiXkEyXkFqcGdeQXVyNjk1Njg5NTA@._V1_UY209_CR0,0,140,209_AL_.jpg",73,[],"['Peter Lord', 'Jeff Newitt', 'Hugh Grant', 'Salma Hayek', 'Jeremy Piven', 'Martin Freeman']",,[],6.7
O Homem Duplo,tt0405296,2006,100 min,16,"https://m.media-amazon.com/images/M/MV5BOTc2ZGI2MzEtODlkNC00MGQ4LTlkYjQtMDU0YTg1YTI0NDI1L2ltYWdlXkEyXkFqcGdeQXVyNTAyODkwOQ@@._V1_UY209_CR0,0,140,209_AL_.jpg",73,[],"['Richard Linklater', 'Keanu Reeves', 'Winona Ryder', 'Robert Downey Jr.', 'Rory Cochrane']",,[],7
Os Incríveis 2,tt3606756,2018,118 min,Livre,"https://m.media-amazon.com/images/M/MV5BMTEzNzY0OTg0NTdeQTJeQWpwZ15BbWU4MDU3OTg3MjUz._V1_UY209_CR0,0,140,209_AL_.jpg",80,[],"['Brad Bird', 'Craig T. Nelson', 'Holly Hunter', 'Sarah Vowell', 'Huck Milner']",,[],7.6
Tá Chovendo Hambúrguer 2,tt1985966,2013,95 min,Livre,"https://m.media-amazon.com/images/M/MV5BMTYzNDM0MDI1NF5BMl5BanBnXkFtZTcwNzQ5NzYxOQ@@._V1_UY209_CR0,0,140,209_AL_.jpg",59,[],"['Cody Cameron', 'Kris Pearn', 'Bill Hader', 'Anna Faris', 'Will Forte', 'Neil Patrick Harris']",,[],6.3
Moana: Um Mar de Aventuras,tt3521164,I) (2016,107 min,Livre,"https://m.media-amazon.com/images/M/MV5BMjI4MzU5NTExNF5BMl5BanBnXkFtZTgwNzY1MTEwMDI@._V1_UY209_CR0,0,140,209_AL_.jpg",81,[],"['Ron Clements', 'John Musker', 'Don Hall', 'Chris Williams', ""Auli'i Cravalho"", 'Dwayne Johnson', 'Rachel House', 'Temuera Morrison']",,[],7.6
Homem-Aranha: No Aranhaverso,tt4633694,2018,117 min,12,"https://m.media-amazon.com/images/M/MV5BMjMwNDkxMTgzOF5BMl5BanBnXkFtZTgwNTkwNTQ3NjM@._V1_UY209_CR0,0,140,209_AL_.jpg",87,[],"['Bob Persichetti', 'Peter Ramsey', 'Rodney Rothman', 'Shameik Moore', 'Jake Johnson', 'Hailee Steinfeld', 'Mahershala Ali']",,[],8.4
Como Treinar o Seu Dragão 3,tt2386490,2019,104 min,Livre,"https://m.media-amazon.com/images/M/MV5BMjIwMDIwNjAyOF5BMl5BanBnXkFtZTgwNDE1MDc2NTM@._V1_UX140_CR0,0,140,209_AL_.jpg",71,[],"['Dean DeBlois', 'Jay Baruchel', 'America Ferrera', 'F. Murray Abraham', 'Cate Blanchett']",,[],7.4
Tá Chovendo Hambúrguer,tt0844471,2009,90 min,Livre,"https://m.media-amazon.com/images/M/MV5BMTg0MjAwNDI5MV5BMl5BanBnXkFtZTcwODkyMzg2Mg@@._V1_UY209_CR0,0,140,209_AL_.jpg",66,[],"['Phil Lord', 'Christopher Miller', 'Anna Faris', 'Bill Hader', 'Bruce Campbell', 'James Caan']",,[],6.9
Ilha dos Cachorros,tt5104604,2018,101 min,12,"https://m.media-amazon.com/images/M/MV5BZDQwOWQ2NmUtZThjZi00MGM0LTkzNDctMzcyMjcyOGI1OGRkXkEyXkFqcGdeQXVyMTA3MDk2NDg2._V1_UX140_CR0,0,140,209_AL_.jpg",82,[],"['Wes Anderson', 'Bryan Cranston', 'Koyu Rankin', 'Edward Norton', 'Bob Balaban']",,[],7.8
Shrek,tt0126029,2001,90 min,Livre,"https://m.media-amazon.com/images/M/MV5BOGZhM2FhNTItODAzNi00YjA0LWEyN2UtNjJlYWQzYzU1MDg5L2ltYWdlL2ltYWdlXkEyXkFqcGdeQXVyMTQxNzMzNDI@._V1_UY209_CR0,0,140,209_AL_.jpg",84,[],"['Andrew Adamson', 'Vicky Jenson', 'Mike Myers', 'Eddie Murphy', 'Cameron Diaz', 'John Lithgow']",,[],7.9
Vidas ao Vento,tt2013293,2013,126 min,12,"https://m.media-amazon.com/images/M/MV5BMTU4NDg0MzkzNV5BMl5BanBnXkFtZTgwODA3Mzc1MDE@._V1_UY209_CR0,0,140,209_AL_.jpg",83,[],"['Hayao Miyazaki', 'Hideaki Anno', 'Hidetoshi Nishijima', 'Miori Takimoto', 'Masahiko Nishimura']",,[],7.7
Divertida Mente,tt2096673,I) (2015,95 min,Livre,"https://m.media-amazon.com/images/M/MV5BOTgxMDQwMDk0OF5BMl5BanBnXkFtZTgwNjU5OTg2NDE@._V1_UY209_CR0,0,140,209_AL_.jpg",94,[],"['Pete Docter', 'Ronnie Del Carmen', 'Amy Poehler', 'Bill Hader', 'Lewis Black', 'Mindy Kaling']",,[],8.1
Porco Rosso: O Último Herói Romântico,tt0104652,1992,94 min,Livre,"https://m.media-amazon.com/images/M/MV5BNTZjMDc2N2UtZTdjZi00ODljLTgyZmEtNDljZDAwODY4NDVhXkEyXkFqcGdeQXVyMTMxODk2OTU@._V1_UX140_CR0,0,140,209_AL_.jpg",83,[],"['Hayao Miyazaki', 'Shûichirô Moriyama', 'Tokiko Katô', 'Bunshi Katsura Vi', 'Tsunehiko Kamijô']",,[],7.7
Procurando Dory,tt2277860,2016,97 min,Livre,"https://m.media-amazon.com/images/M/MV5BYWVmYTcwZDYtYzNmNC00M2U2LWFjZWYtOWRlY2NiNjc5ZjdiXkEyXkFqcGdeQXVyNjY5Mjg5MjA@._V1_UY209_CR3,0,140,209_AL_.jpg",77,[],"['Andrew Stanton', 'Angus MacLane', 'Ellen DeGeneres', 'Albert Brooks', ""Ed O'Neill"", 'Kaitlin Olson']",,[],7.3
Os Jovens Titãs em Ação! Nos Cinemas,tt7424200,2018,84 min,Livre,"https://m.media-amazon.com/images/M/MV5BOTZhMTIwZDUtYjZjZS00MmViLTg3NzEtNWE5NzI1NDUwNDJmXkEyXkFqcGdeQXVyODQxMTI4MjM@._V1_UY209_CR0,0,140,209_AL_.jpg",69,[],"['Aaron Horvath', 'Peter Rida Michail', 'Greg Cipes', 'Scott Menville', 'Khary Payton', 'Tara Strong']",,[],6.7
A Pequena Sereia,tt0097757,1989,83 min,Livre,"https://m.media-amazon.com/images/M/MV5BOWUyNDA0ZmItMzg2My00YjJhLTk1N2QtYTAxYTc0NzMzNDI0XkEyXkFqcGdeQXVyMTI5NzUyMTIz._V1_UX140_CR0,0,140,209_AL_.jpg",88,[],"['Ron Clements', 'John Musker', 'Jodi Benson', 'Samuel E. Wright', 'Rene Auberjonois', 'Christopher Daniel Barnes']",,[],7.6
Minha Vida de Abobrinha,tt2321405,2016,66 min,10,"https://m.media-amazon.com/images/M/MV5BZWVmOTQ2NTQtN2U3OS00YjMxLThmNDAtNDg3NmMzMTgzNWYwXkEyXkFqcGdeQXVyNDA5NTgxNjU@._V1_UY209_CR1,0,140,209_AL_.jpg",85,[],"['Claude Barras', 'Gaspard Schlatter', 'Sixtine Murat', 'Paulin Jaccoud', 'Michel Vuillermoz']",,[],7.8
O Castelo de Cagliostro,tt0079833,1979,100 min,10,"https://m.media-amazon.com/images/M/MV5BYzYyNjg3OTctNzA2ZS00NjkzLWE4MmYtZDAzZWQ0NzkyMTJhXkEyXkFqcGdeQXVyMTMxODk2OTU@._V1_UX140_CR0,0,140,209_AL_.jpg",72,[],"['Hayao Miyazaki', 'Yasuo Yamada', 'Eiko Masuyama', 'Kiyoshi Kobayashi', 'Makio Inoue']",,[],7.6
Kung Fu Panda,tt0441773,2008,92 min,Livre,"https://m.media-amazon.com/images/M/MV5BODJkZTZhMWItMDI3Yy00ZWZlLTk4NjQtOTI1ZjU5NjBjZTVjXkEyXkFqcGdeQXVyODE5NzE3OTE@._V1_UY209_CR2,0,140,209_AL_.jpg",74,[],"['Mark Osborne', 'John Stevenson', 'Jack Black', 'Ian McShane', 'Angelina Jolie', 'Dustin Hoffman']",,[],7.6
Bambi,tt0034492,1942,69 min,Livre,"https://m.media-amazon.com/images/M/MV5BY2JhMTJmYjYtNTVkYi00OWE3LWJlMjEtOWI4MTFkMjJhMmQ3XkEyXkFqcGdeQXVyNzY1NDgwNjQ@._V1_UX140_CR0,0,140,209_AL_.jpg",91,[],"['James Algar', 'Samuel Armstrong', 'David Hand', 'Graham Heid', 'Bill Roberts', 'Paul Satterfield', 'Norman Wright', 'Arthur Davis', 'Clyde Geronimi', 'Hardie Albright', 'Stan Alexander', 'Bobette Audrey', 'Peter Behn']",,[],7.3
Frankenweenie,tt1142977,2012,87 min,10,"https://m.media-amazon.com/images/M/MV5BMjIxODY3MjEwNV5BMl5BanBnXkFtZTcwOTMzNjc4Nw@@._V1_UY209_CR0,0,140,209_AL_.jpg",74,[],"['Tim Burton', 'Winona Ryder', ""Catherine O'Hara"", 'Martin Short', 'Martin Landau']",,[],6.9
Uma Aventura Lego 2,tt3513498,2019,107 min,Livre,"https://m.media-amazon.com/images/M/MV5BMTkyOTkwNDc1N15BMl5BanBnXkFtZTgwNzkyMzk3NjM@._V1_UY209_CR0,0,140,209_AL_.jpg",65,[],"['Mike Mitchell', 'Chris Pratt', 'Elizabeth Banks', 'Will Arnett', 'Tiffany Haddish']",,[],6.6
A Era do Gelo,tt0268380,2002,81 min,Livre,"https://m.media-amazon.com/images/M/MV5BOGEwMTQyMDktMWUwZC00MzExLTg1MGMtYWJiNWNhMzIyMGU5XkEyXkFqcGdeQXVyOTYyMTY2NzQ@._V1_UY209_CR0,0,140,209_AL_.jpg",61,[],"['Chris Wedge', 'Carlos Saldanha', 'Denis Leary', 'John Leguizamo', 'Ray Romano', 'Goran Visnjic']",,[],7.5
A Família Mitchell e a Revolta das Máquinas,tt7979580,2021,114 min,Livre,"https://m.media-amazon.com/images/M/MV5BMjdkZjNjNDItYzc4MC00NTkxLTk1MWEtY2UyZjY5MjUwNDNkXkEyXkFqcGdeQXVyMTA1OTcyNDQ4._V1_UY209_CR0,0,140,209_AL_.jpg",81,[],"['Michael Rianda', 'Jeff Rowe', 'Abbi Jacobson', 'Danny McBride', 'Maya Rudolph', 'Michael Rianda']",,[],7.6
O Mundo dos Pequeninos,tt1568921,2010,94 min,Livre,"https://m.media-amazon.com/images/M/MV5BZDY3ZGI0ZDAtMThlNy00MzAxLTg4YjAtNjkwYTkxNmQ4MjdlXkEyXkFqcGdeQXVyMTMxODk2OTU@._V1_UX140_CR0,0,140,209_AL_.jpg",80,[],"['Hiromasa Yonebayashi', 'Bridgit Mendler', 'Amy Poehler', 'Will Arnett', 'Mirai Shida']",,[],7.6
Kung Fu Panda 3,tt2267968,2016,95 min,Livre,"https://m.media-amazon.com/images/M/MV5BMTUyNzgxNjg2M15BMl5BanBnXkFtZTgwMTY1NDI1NjE@._V1_UY209_CR0,0,140,209_AL_.jpg",66,[],"['Alessandro Carloni', 'Jennifer Yuh Nelson', 'Jack Black', 'Bryan Cranston', 'Dustin Hoffman', 'Angelina Jolie']",,[],7.1
Operação Big Hero,tt2245084,2014,102 min,Livre,"https://m.media-amazon.com/images/M/MV5BMDliOTIzNmUtOTllOC00NDU3LWFiNjYtMGM0NDc1YTMxNjYxXkEyXkFqcGdeQXVyNTM3NzExMDQ@._V1_UY209_CR3,0,140,209_AL_.jpg",74,[],"['Don Hall', 'Chris Williams', 'Ryan Potter', 'Scott Adsit', 'Jamie Chung', 'T.J. Miller']",,[],7.8
Os Simpsons: O Filme,tt0462538,2007,87 min,12,"https://m.media-amazon.com/images/M/MV5BNjc4NmQyNGUtMDg4NS00ZTZkLWI3ODQtMGJmYThiYjQxNGRiXkEyXkFqcGdeQXVyMTA0MTM5NjI2._V1_UY209_CR0,0,140,209_AL_.jpg",80,[],"['David Silverman', 'Dan Castellaneta', 'Julie Kavner', 'Nancy Cartwright', 'Yeardley Smith']",,[],7.3
O Estranho Mundo de Jack,tt0107688,1993,76 min,Livre,"https://m.media-amazon.com/images/M/MV5BNWE4OTNiM2ItMjY4Ni00ZTViLWFiZmEtZGEyNGY2ZmNlMzIyXkEyXkFqcGdeQXVyMDU5NDcxNw@@._V1_UX140_CR0,0,140,209_AL_.jpg",82,[],"['Henry Selick', 'Danny Elfman', 'Chris Sarandon', ""Catherine O'Hara"", 'William Hickey']",,[],7.9
Universidade Monstros,tt1453405,2013,104 min,Livre,"https://m.media-amazon.com/images/M/MV5BMTUyODgwMDU3M15BMl5BanBnXkFtZTcwOTM4MjcxOQ@@._V1_UY209_CR0,0,140,209_AL_.jpg",65,[],"['Dan Scanlon', 'Billy Crystal', 'John Goodman', 'Steve Buscemi', 'Helen Mirren']",,[],7.2
Klaus,tt4729430,2019,96 min,10,"https://m.media-amazon.com/images/M/MV5BMWYwOThjM2ItZGYxNy00NTQwLWFlZWEtM2MzM2Q5MmY3NDU5XkEyXkFqcGdeQXVyMTkxNjUyNQ@@._V1_UY209_CR0,0,140,209_AL_.jpg",65,[],"['Sergio Pablos', 'Carlos Martínez López', 'Jason Schwartzman', 'J.K. Simmons', 'Rashida Jones', 'Will Sasso']",,[],8.2
ParaNorman,tt1623288,2012,92 min,10,"https://m.media-amazon.com/images/M/MV5BMjA1OTU1NDM3N15BMl5BanBnXkFtZTcwMjYxNTg0Nw@@._V1_UY209_CR0,0,140,209_AL_.jpg",72,[],"['Chris Butler', 'Sam Fell', 'Kodi Smit-McPhee', 'Anna Kendrick', 'Christopher Mintz-Plasse', 'Tucker Albrizzi']",,[],7
A Princesa e o Sapo,tt0780521,2009,97 min,Livre,"https://m.media-amazon.com/images/M/MV5BMjEyOTQ5NzAzNl5BMl5BanBnXkFtZTcwMTcyNTU1Mg@@._V1_UX140_CR0,0,140,209_AL_.jpg",73,[],"['Ron Clements', 'John Musker', 'Anika Noni Rose', 'Keith David', 'Oprah Winfrey', 'Bruno Campos']",,[],7.1
Anomalisa,tt2401878,2015,90 min,14,"https://m.media-amazon.com/images/M/MV5BMTkyMzI2MzQ1N15BMl5BanBnXkFtZTgwNDg0MzQxNzE@._V1_UY209_CR1,0,140,209_AL_.jpg",88,[],"['Duke Johnson', 'Charlie Kaufman', 'David Thewlis', 'Jennifer Jason Leigh', 'Tom Noonan']",,[],7.3
Valente,tt1217209,2012,93 min,Livre,"https://m.media-amazon.com/images/M/MV5BMzgwODk3ODA1NF5BMl5BanBnXkFtZTcwNjU3NjQ0Nw@@._V1_UY209_CR0,0,140,209_AL_.jpg",69,[],"['Mark Andrews', 'Brenda Chapman', 'Steve Purcell', 'Kelly Macdonald', 'Billy Connolly', 'Emma Thompson', 'Julie Walters']",,[],7.1
O Castelo Animado,tt0347149,2004,119 min,Livre,"https://m.media-amazon.com/images/M/MV5BNmM4YTFmMmItMGE3Yy00MmRkLTlmZGEtMzZlOTQzYjk3MzA2XkEyXkFqcGdeQXVyMTMxODk2OTU@._V1_UX140_CR0,0,140,209_AL_.jpg",82,[],"['Hayao Miyazaki', 'Chieko Baishô', 'Takuya Kimura', 'Tatsuya Gashûin', 'Akihiro Miwa']",,[],8.2
A Noiva Cadáver,tt0121164,2005,77 min,Livre,"https://m.media-amazon.com/images/M/MV5BMTk1MTY1NjU4MF5BMl5BanBnXkFtZTcwNjIzMTEzMw@@._V1_UY209_CR0,0,140,209_AL_.jpg",83,[],"['Tim Burton', 'Mike Johnson', 'Johnny Depp', 'Helena Bonham Carter', 'Emily Watson', 'Tracey Ullman']",,[],7.3
Alice no País das Maravilhas,tt0043274,1951,75 min,Livre,"https://m.media-amazon.com/images/M/MV5BMTgyMjM2NTAxMF5BMl5BanBnXkFtZTgwNjU1NDc2MTE@._V1_UY209_CR0,0,140,209_AL_.jpg",68,[],"['Clyde Geronimi', 'Wilfred Jackson', 'Hamilton Luske', 'Jack Kinney', 'Kathryn Beaumont', 'Ed Wynn', 'Richard Haydn', 'Sterling Holloway']",,[],7.3
Batman: A Máscara do Fantasma,tt0106364,1993,76 min,Livre,"https://m.media-amazon.com/images/M/MV5BYTRiMWM3MGItNjAxZC00M2E3LThhODgtM2QwOGNmZGU4OWZhXkEyXkFqcGdeQXVyNjExODE1MDc@._V1_UY209_CR0,0,140,209_AL_.jpg",65,[],"['Eric Radomski', 'Kevin Altieri', 'Boyd Kirkland', 'Frank Paur', 'Dan Riba', 'Bruce Timm', 'Kevin Conroy', 'Dana Delany', 'Hart Bochner', 'Stacy Keach']",,[],7.8
Dois Irmãos: Uma Jornada Fantástica,tt7146812,I) (2020,102 min,Livre,"https://m.media-amazon.com/images/M/MV5BMTZlYzk3NzQtMmViYS00YWZmLTk5ZTEtNWE0NGVjM2MzYWU1XkEyXkFqcGdeQXVyNDg4NjY5OTQ@._V1_UY209_CR0,0,140,209_AL_.jpg",61,[],"['Dan Scanlon', 'Tom Holland', 'Chris Pratt', 'Julia Louis-Dreyfus', 'Octavia Spencer']",,[],7.4
101 Dálmatas,tt0115433,1996,103 min,Livre,"https://m.media-amazon.com/images/M/MV5BMGI2NTQ2N2EtNDExMS00OWM2LTkzZWItZGUzY2M2MDFjODk0XkEyXkFqcGdeQXVyMTQxNzMzNDI@._V1_UY209_CR0,0,140,209_AL_.jpg",49,[],"['Stephen Herek', 'Glenn Close', 'Jeff Daniels', 'Joely Richardson', 'Joan Plowright']",,[],5.7
O Serviço de Entregas da Kiki,tt0097814,1989,103 min,Livre,"https://m.media-amazon.com/images/M/MV5BYTQ1ZTM1ZTgtN2Q2Ny00YjFkLTliNjEtN2I1ZmY5ZTY1OTEzXkEyXkFqcGdeQXVyMTMxODk2OTU@._V1_UX140_CR0,0,140,209_AL_.jpg",85,[],"['Hayao Miyazaki', 'Kirsten Dunst', 'Minami Takayama', 'Rei Sakuma', 'Kappei Yamaguchi']",,[],7.8
Coraline e o Mundo Secreto,tt0327597,2009,100 min,Livre,"https://m.media-amazon.com/images/M/MV5BMzQxNjM5NzkxNV5BMl5BanBnXkFtZTcwMzg5NDMwMg@@._V1_UY209_CR0,0,140,209_AL_.jpg",80,[],"['Henry Selick', 'Dakota Fanning', 'Teri Hatcher', 'John Hodgman', 'Jennifer Saunders']",,[],7.7
Heavy Metal - Universo em Fantasia,tt0082509,1981,86 min,18,"https://m.media-amazon.com/images/M/MV5BOTc2NzM1ODgtM2RkYi00M2U4LWE4NzEtMDMzZGUzYmI1ZDUzL2ltYWdlXkEyXkFqcGdeQXVyNTAyODkwOQ@@._V1_UY209_CR0,0,140,209_AL_.jpg",51,[],"['Gerald Potterton', 'John Bruno', 'John Halas', 'Julian Harris', 'Jimmy T. Murakami', 'Barrie Nelson', 'Paul Sabella', 'Jack Stokes', 'Pino Van Lamsweerde', 'Harold Whitaker', 'Richard Romanus', 'John Candy', 'Joe Flaherty', 'Don Francks']",,[],6.6
Hércules,tt0119282,1997,93 min,Livre,"https://m.media-amazon.com/images/M/MV5BZDcwYjEyNWItMGI1Mi00MjI1LWIyMDEtMTQ4YjhkNjM4NDU3XkEyXkFqcGdeQXVyNDUyOTg3Njg@._V1_UY209_CR0,0,140,209_AL_.jpg",74,[],"['Ron Clements', 'John Musker', 'Tate Donovan', 'Susan Egan', 'James Woods', 'Barbara Barrie']",,[],7.3
A Casa Monstro,tt0385880,2006,91 min,Livre,"https://m.media-amazon.com/images/M/MV5BMTIzNjE1NDg1N15BMl5BanBnXkFtZTcwOTg2NTMzMQ@@._V1_UY209_CR0,0,140,209_AL_.jpg",68,[],"['Gil Kenan', 'Mitchel Musso', 'Sam Lerner', 'Spencer Locke', 'Ryan Whitney']",,[],6.6
Frozen: Uma Aventura Congelante,tt2294629,I) (2013,102 min,Livre,"https://m.media-amazon.com/images/M/MV5BMTQ1MjQwMTE5OF5BMl5BanBnXkFtZTgwNjk3MTcyMDE@._V1_UY209_CR0,0,140,209_AL_.jpg",75,[],"['Chris Buck', 'Jennifer Lee', 'Kristen Bell', 'Idina Menzel', 'Jonathan Groff', 'Josh Gad']",,[],7.4
O Conto da Princesa Kaguya,tt2576852,2013,137 min,Livre,"https://m.media-amazon.com/images/M/MV5BNThmMWMyMWMtOWRiNy00MGY0LTg1OTUtNjYzODg2MjdlZGU5XkEyXkFqcGdeQXVyMTMxODk2OTU@._V1_UY209_CR4,0,140,209_AL_.jpg",89,[],"['Isao Takahata', 'Chloë Grace Moretz', 'James Caan', 'Mary Steenburgen', 'James Marsden']",,[],8
Meu Amigo Totoro,tt0096283,1988,86 min,Livre,"https://m.media-amazon.com/images/M/MV5BYzJjMTYyMjQtZDI0My00ZjE2LTkyNGYtOTllNGQxNDMyZjE0XkEyXkFqcGdeQXVyMTMxODk2OTU@._V1_UY209_CR4,0,140,209_AL_.jpg",86,[],"['Hayao Miyazaki', 'Hitoshi Takagi', 'Noriko Hidaka', 'Chika Sakamoto', 'Shigesato Itoi']",,[],8.1
Link Perdido,tt6348138,2019,93 min,10,"https://m.media-amazon.com/images/M/MV5BMWFmNWZmZWYtMWM3OC00YTYyLWIxNDMtOTRjNzhiYWQ0MDIwXkEyXkFqcGdeQXVyODk2NDQ3MTA@._V1_UY209_CR0,0,140,209_AL_.jpg",68,[],"['Chris Butler', 'Hugh Jackman', 'David Walliams', 'Stephen Fry', 'Matt Lucas']",,[],6.7
Animatrix,tt0328832,2003 Video,100 min,12,"https://m.media-amazon.com/images/M/MV5BZWRiODljNzUtZDkwOC00N2EwLTllMDAtOGQ4MmQ2YWY2MTBiXkEyXkFqcGdeQXVyNDQ0MTYzMDA@._V1_UX140_CR0,0,140,209_AL_.jpg",,['Matrix'],"['Peter Chung', 'Andrew R. Jones', 'Yoshiaki Kawajiri', 'Takeshi Koike', 'Mahiro Maeda', 'Kôji Morimoto', ""Shin'ichirô Watanabe"", 'Kevin Michael Richardson', 'Pamela Adlon', 'John DiMaggio', 'Tom Kenny']",,[],7.3
Dumbo,tt0033563,1941,64 min,Livre,"https://m.media-amazon.com/images/M/MV5BMTU0NDcxMDA1MV5BMl5BanBnXkFtZTgwNzI0Njg0MTE@._V1_UY209_CR1,0,140,209_AL_.jpg",96,[],"['Samuel Armstrong', 'Norman Ferguson', 'Wilfred Jackson', 'Jack Kinney', 'Bill Roberts', 'Ben Sharpsteen', 'John Elliotte', 'Sterling Holloway', 'Edward Brophy', 'Herman Bing', 'Mel Blanc']",,[],7.2
O Castelo no Céu,tt0092067,1986,125 min,Livre,"https://m.media-amazon.com/images/M/MV5BNDFhZmY2NTgtMzljYy00MTlhLTgyMjItNTEwZWJkYThhYzkyXkEyXkFqcGdeQXVyNTgyNTA4MjM@._V1_UX140_CR0,0,140,209_AL_.jpg",78,[],"['Hayao Miyazaki', 'Mayumi Tanaka', 'Keiko Yokozawa', 'Kotoe Hatsui', 'Minori Terada']",,[],8
O Expresso Polar,tt0338348,2004,100 min,Livre,"https://m.media-amazon.com/images/M/MV5BMTM1NTU0NTE4MV5BMl5BanBnXkFtZTcwMTQ0MjEzMw@@._V1_UY209_CR0,0,140,209_AL_.jpg",61,[],"['Robert Zemeckis', 'Tom Hanks', 'Chris Coppola', 'Michael Jeter', 'Leslie Zemeckis']",,[],6.6
Fantasia,tt0032455,1940,124 min,Livre,"https://m.media-amazon.com/images/M/MV5BMjAxMTI1Njk3OF5BMl5BanBnXkFtZTgwNjkzODk4NTE@._V1_UX140_CR0,0,140,209_AL_.jpg",96,[],"['James Algar', 'Samuel Armstrong', 'Ford Beebe Jr.', 'Norman Ferguson', 'David Hand', 'Jim Handley', 'T. Hee', 'Wilfred Jackson', 'Hamilton Luske', 'Bill Roberts', 'Paul Satterfield', 'Ben Sharpsteen', 'Leopold Stokowski', 'Deems Taylor', 'The Philadelphia Orchestra', 'Corey Burton']",,[],7.7
Túmulo dos Vagalumes,tt0095327,1988,89 min,12,"https://m.media-amazon.com/images/M/MV5BZmY2NjUzNDQtNTgxNC00M2Q4LTljOWQtMjNjNDBjNWUxNmJlXkEyXkFqcGdeQXVyNTA4NzY1MzY@._V1_UX140_CR0,0,140,209_AL_.jpg",94,[],"['Isao Takahata', 'Tsutomu Tatsumi', 'Ayano Shiraishi', 'Akemi Yamaguchi', 'Yoshiko Shinohara']",,[],8.5
As Peripécias do Ratinho Detetive,tt0091149,1986,74 min,Livre,"https://m.media-amazon.com/images/M/MV5BMDUzMTliZDYtMmRjZS00Zjk3LWIwZjEtZjc4N2NjYjdmY2FjXkEyXkFqcGdeQXVyMjA0MDQ0Mjc@._V1_UX140_CR0,0,140,209_AL_.jpg",73,[],"['Ron Clements', 'Burny Mattinson', 'David Michener', 'John Musker', 'Vincent Price', 'Barrie Ingham', 'Val Bettin', 'Susanne Pollatschek']",,[],7.1
Festa da Salsicha,tt1700841,2016,89 min,16,"https://m.media-amazon.com/images/M/MV5BMjkxOTk1MzY4MF5BMl5BanBnXkFtZTgwODQzOTU5ODE@._V1_UY209_CR0,0,140,209_AL_.jpg",66,[],"['Conrad Vernon', 'Greg Tiernan', 'Seth Rogen', 'Kristen Wiig', 'Jonah Hill', 'Alistair Abell']",,[],6.1
